Flower,Flower Power
Phone,Cell Phone
Horse,Horseradish
Marriage,Marriage License
Shoe,Shoelace
Coffee,Instant Coffee
Five,High Five
Private,Private Detective
Hole,Black Hole
Party,Party Pooper
Leather,Leather Jacket
Oven,Toaster Oven
Sausage,Breakfast Sausage
Man,Man Cave
Hip,Hip Hop
Lunch,Lunch Lady
Lap,Laptop
Macaroni,Macaroni and Cheese
Noon,Afternoon
Air,Airline
Baby,Babysitter
Bone,Backbone
Ground,Background
Pack,Backpack
Ball,Ballpark
Bed,Bedbug
Board,Blackboard
Grass,Bluegrass
Body,Bodyguard
Book,Bookshelf
Child,Brainchild
Bug,Bugspray
Butter,Butterfly
Candle,Candlestick
Car,Carpool
Burger,Cheeseburger
Clock,Clockwise
Coffee,Coffeemaker
Corn,Cornstalk
Word,Crossword
Dream,Daydream
Dish,Dishwasher
Ear,Eardrum
Egg,Eggshell
Eye,Eyeball
Father,Grandfather
Fire,Fireworks
Fish,Fisherman
Head,Forehead
Son,Grandson
Yard,Graveyard
Hair,Haircut
Quarter,Headquarter
Town,Hometown
Moon,Honeymoon
House,Housekeeper
Wife,Housewife
Worm,Inchworm
Key,Keyboard
Law,Lawsuit
Frog,Leapfrog
Boat,Lifeboat
Slide,Landslide
Stream,Mainstream
News,Newspaper
Book,Notebook
Cake,Pancake
Pawn,Pawnshop
Rain,Rain drop
Wheel,Pinwheel
Mint,Peppermint
Boat,Sailboat
Sand,Sandbox
Goat,Scapegoat
Bank,Riverbank
School,Schoolbus
Ship,Shipwreck
Walk,Sidewalk
Light,Skylight
Ball,Snowball
Snow,Snowdrift
Soft,Software
Boat,Speedboat
Star,Starfish
Light,Stoplight
Watch,Stopwatch
Glass,Sunglasses
Roof,Sunroof
Hero,Superhero
Spoon,Tablespoon
Worm,Tapeworm
Tax,Taxpayer
Throw,Throwaway
Share,Timeshare
Tooth,Toothpaste
Down,Touchdown
Cover,Undercover
Dog,Underdog
Date,Update
Paper,Wallpaper
War,Warlord
Cloth,Washcloth
Basket,Wastebasket
Water,Waterfall
Color,Watercolor
Week,Weekend
White,Whitewash
Wood,Woodshop
Crystal,Crystal Clear
Fence,Sitting On The Fence
Bullet,Bite the Bullet
Dry,Dry Cleaning
Printer,Printer Cartridge
Motor,Motorcycle
Wash,Washing Machine
Drive,Drivers License
Speak,Public Speaking
Green,Greenhouse
Throw,Overthrow
Worm,Silkworm
Hole,Loophole
Stick,Chopstick
Art,Artwork
Age,Old Age
Answer,Answer Key
Apple,Crabapple
Attack,Heart Attack
Bath,Hot Bath
Bean,Green Bean
Beer,Beer Garden
Bear,Teddy Bear
Behind,Behind the Ball
Bell,Cow Bell
Birth,Birthday
Blood,Bloody Nose
Boil,Boil the Ocean
Bottle,Milkbottle
Bowl,Cereal Bowl
Box,Matchbox
Burn,Sunburn
Busy,Busybody
Change,Spare Change
City,Cityscape
Cloud,Thundercloud
Coat,Winter Coat
Coin,Coin Toss
Comb,Honeycomb
Cook,Rice Cooker
Corner,Kitty Corner
Country,Third World Country
Course,Crash Course
Cry,Crybaby
Cup,Cupboard
Cut,Cutting Board
Dance,Happy Dance
Dark,Dark Chocolate
Dead,Walking Dead
Deep,Deep Freeze
Desk,Desktop
Dinner,Dinnerware
Dirty,Dirty Laundry
Dog,Walk the Dog
Double,Double Down
Draw,Draw Blood
Drink,Drink and Drive
Drunk,Drunk Driver
Dust,Duststorm
Duty,Off Duty
